trait,love,joy,anger,sadness,surprise,fear
introverts,0.026416755616112227,0.27014643456190146,0.45212962188697436,0.16241594892252298,0.031217566244792154,0.05767367276769684
extroverts,0.02916839201869697,0.2988917976179614,0.4443266916053143,0.1412800123523508,0.03311974060063306,0.053213365805043406
intuitives,0.026394457588937846,0.2755560323104916,0.4498250286896278,0.1600344882721659,0.03133899097516399,0.05685100216361285
sensors,0.033745454545454544,0.2960181818181818,0.4526181818181818,0.12905454545454545,0.035054545454545456,0.05350909090909091
feelers,0.03170585082496777,0.26410195124071095,0.44641693103298424,0.16989700577984443,0.029464169310329844,0.05841409181116278
thinkers,0.02250237223803714,0.2912668667040363,0.4538356982439943,0.14381441221620156,0.03398437070661552,0.05459627989111519
perceivers,0.024112620214846368,0.26097672051220233,0.48711457579897666,0.1471831551876557,0.02850330841972729,0.052109619866591655
judgers,0.03353982854639885,0.31291704353465194,0.3715150377436843,0.17763139182324464,0.03852301881211211,0.06587367953990819
