trait,POSITIVE,NEGATIVE
introverts,0.4866428265756349,0.513357173424365
extroverts,0.4631570082044876,0.5368429917955124
intuitives,0.48145344589247513,0.5185465541075249
sensors,0.4724181818181818,0.5275818181818182
feelers,0.5292179102747961,0.4707820897252039
thinkers,0.43131134387742764,0.5686886561225724
perceivers,0.5249323582201506,0.47506764177984945
judgers,0.3862996399133061,0.6137003600866938
