trait,love,joy,anger,sadness,surprise,fear
introverts,0.03878985631812728,0.3331650319883969,0.29289871071948764,0.1840195982750291,0.04024166124609738,0.11088514073008322
extroverts,0.03994496936925025,0.3510045830122803,0.30533140249797636,0.16188581847536115,0.03895358153955973,0.10287964341828268
intuitives,0.035813462006157204,0.3363344556207145,0.290096249814942,0.19092028795091287,0.038928913514254294,0.10790663015972975
sensors,0.042921363681220334,0.3478351593799627,0.30813386340252197,0.15498512879947735,0.0402663292714028,0.10585815398863616
feelers,0.04558813005085433,0.3466279727715631,0.2757021818918647,0.18035526153009235,0.03999901684259448,0.11172743573622808
thinkers,0.0331466956365232,0.3375416422291141,0.3225279313255993,0.16555015522029792,0.03919622594306262,0.10203734841213781
perceivers,0.034690087289659416,0.34251349408780685,0.3015332345431584,0.1708435008416168,0.039232435760225975,0.11118724603297654
judgers,0.04404473839771812,0.34165612091287034,0.2966968786743056,0.1750619159087734,0.03996280702543113,0.10257753811538936
